MESSAGE_ID,HASHTAG
"tag:search.twitter.com,2005:772065853013712896",Modi
"tag:search.twitter.com,2005:772065853013712896",Reliance
"tag:search.twitter.com,2005:772065853013712896",industries
"tag:search.twitter.com,2005:772065853013712896",Governor
"tag:search.twitter.com,2005:772065853013712896",PM
"tag:search.twitter.com,2005:772065853013712896",Reliance
"tag:search.twitter.com,2005:772065853013712896",jio
"tag:search.twitter.com,2005:775957105110945792",ISBRL
"tag:search.twitter.com,2005:777099285389250560",Jio
"tag:search.twitter.com,2005:777735308402012161",BSNL
"tag:search.twitter.com,2005:756872316856905728",askabhishek
"tag:search.twitter.com,2005:769927477707677696",Jio
"tag:search.twitter.com,2005:771909350109609984",RelianceJio4G
"tag:search.twitter.com,2005:771909350109609984",JioTariff
"tag:search.twitter.com,2005:771909350109609984",jiomodi
"tag:search.twitter.com,2005:771909350109609984",Reliance
"tag:search.twitter.com,2005:771909350109609984",Jio
"tag:search.twitter.com,2005:773053841021382656",Captionit
"tag:search.twitter.com,2005:778201942338203648",UriAttacks
"tag:search.twitter.com,2005:765112507740528640",Tech
"tag:search.twitter.com,2005:766866754010091521",Jio4G
"tag:search.twitter.com,2005:770974261490089984",Jio4G
"tag:search.twitter.com,2005:770974261490089984",Support
"tag:search.twitter.com,2005:771940519656194048",NaMo
"tag:search.twitter.com,2005:771940519656194048",JIO
"tag:search.twitter.com,2005:771940519656194048",RIL
"tag:search.twitter.com,2005:772003769332752384",BlackTruth
"tag:search.twitter.com,2005:773212092543270912",reliancejio
"tag:search.twitter.com,2005:774092656896901120",Jio
"tag:search.twitter.com,2005:774092656896901120",Jio4G
"tag:search.twitter.com,2005:587689592515616769",freetheinternet
"tag:search.twitter.com,2005:771319450180149249",Dharam
"tag:search.twitter.com,2005:771719317117210624",Digital
"tag:search.twitter.com,2005:771688417654628353",RelianceकाPM
"tag:search.twitter.com,2005:771688417654628353",roti
"tag:search.twitter.com,2005:771688417654628353",nasib
"tag:search.twitter.com,2005:771688417654628353",jio
"tag:search.twitter.com,2005:771529822652600320",No
"tag:search.twitter.com,2005:771529822652600320",No
"tag:search.twitter.com,2005:771529822652600320",No
"tag:search.twitter.com,2005:771576980890267649",Jio
"tag:search.twitter.com,2005:774948112032894976",Akira
"tag:search.twitter.com,2005:771337822099865601",RelianceJio4G
"tag:search.twitter.com,2005:771598322767237121",Jio
"tag:search.twitter.com,2005:771598322767237121",4G
"tag:search.twitter.com,2005:774599170678222848",Jio
"tag:search.twitter.com,2005:776782183444779008",Jio
"tag:search.twitter.com,2005:776782183444779008",Jio4G
"tag:search.twitter.com,2005:777738547251949568",TechNews
"tag:search.twitter.com,2005:778551914246078464",between
"tag:search.twitter.com,2005:778551914246078464",reliance
"tag:search.twitter.com,2005:778551914246078464",jio
"tag:search.twitter.com,2005:778551914246078464",gigafiber
"tag:search.twitter.com,2005:778551914246078464",or
"tag:search.twitter.com,2005:778551914246078464",bsnl
"tag:search.twitter.com,2005:778551914246078464",bbg
"tag:search.twitter.com,2005:694035465154920448",Reliance
"tag:search.twitter.com,2005:716210083944857600",fakingnews
"tag:search.twitter.com,2005:770227031959371776",Nashik
"tag:search.twitter.com,2005:771609831924862976",terrorism
"tag:search.twitter.com,2005:771609831924862976",security
"tag:search.twitter.com,2005:772699535168659456",Jio
"tag:search.twitter.com,2005:772678977626382336",askSharmaji
"tag:search.twitter.com,2005:777256781948989440",iPhone7
"tag:search.twitter.com,2005:753565231872258049",JioFan
"tag:search.twitter.com,2005:770268974596534273",dnaTech
"tag:search.twitter.com,2005:771253125239812097",HonestReview
"tag:search.twitter.com,2005:772735705600720897",Jio
"tag:search.twitter.com,2005:774941175904137216",Akira
"tag:search.twitter.com,2005:777127717737107456",Jio
"tag:search.twitter.com,2005:756057523388461056",4G
"tag:search.twitter.com,2005:756057523388461056",India
"tag:search.twitter.com,2005:756057523388461056",Reliance
"tag:search.twitter.com,2005:756057523388461056",Jio
"tag:search.twitter.com,2005:756057523388461056",4GLTE
"tag:search.twitter.com,2005:766685800813780992",Jio4G
"tag:search.twitter.com,2005:769401359338770432",Jio
"tag:search.twitter.com,2005:769401359338770432",Reliance
"tag:search.twitter.com,2005:769401359338770432",4G
"tag:search.twitter.com,2005:771254734166437888",HonestReview
"tag:search.twitter.com,2005:771274116494012416",bse
"tag:search.twitter.com,2005:771274116494012416",nse
"tag:search.twitter.com,2005:771274116494012416",sensex
"tag:search.twitter.com,2005:771274116494012416",nifty
"tag:search.twitter.com,2005:771274116494012416",reliance
"tag:search.twitter.com,2005:771274116494012416",jio
"tag:search.twitter.com,2005:774205651849469952",Jio
"tag:search.twitter.com,2005:774205651849469952",Jio4G
"tag:search.twitter.com,2005:774804498220916738",Jio
"tag:search.twitter.com,2005:774804498220916738",RelianceJio
"tag:search.twitter.com,2005:747792055129149440",askgeekyranjit
"tag:search.twitter.com,2005:766674617138372608",Jio4G
"tag:search.twitter.com,2005:771630536276094976",RelianceकाPM
"tag:search.twitter.com,2005:773153641133969409",JIO
"tag:search.twitter.com,2005:771690180931649536",RelianceकाPM
"tag:search.twitter.com,2005:771690180931649536",jio
"tag:search.twitter.com,2005:771690180931649536",jio
"tag:search.twitter.com,2005:771690180931649536",RelianceकाPM
"tag:search.twitter.com,2005:771690180931649536",jio
"tag:search.twitter.com,2005:771690180931649536",jio
"tag:search.twitter.com,2005:773153641133969409",JIO
"tag:search.twitter.com,2005:773799241433149440",Jio
"tag:search.twitter.com,2005:766175105315696640",Jio4G
"tag:search.twitter.com,2005:769917814467600384",Jio
"tag:search.twitter.com,2005:770980024040030208",Jio4G
"tag:search.twitter.com,2005:770980024040030208",Support
"tag:search.twitter.com,2005:771653495875260416",Reliance
"tag:search.twitter.com,2005:771653495875260416",Jio
"tag:search.twitter.com,2005:773026605321035776",Reliance
"tag:search.twitter.com,2005:773026605321035776",Jio
"tag:search.twitter.com,2005:773506025190100992",Jio
"tag:search.twitter.com,2005:778816207797440513",RelianceJio
"tag:search.twitter.com,2005:778816207797440513",Jio4G
"tag:search.twitter.com,2005:778816207797440513",Jio
"tag:search.twitter.com,2005:771255466101878786",RelianceJio
"tag:search.twitter.com,2005:771266918225317888",Reliance
"tag:search.twitter.com,2005:771949471542480896",Reliance
"tag:search.twitter.com,2005:771949471542480896",Modi
